polling_station_id,polling_station_name,year,candidate_name,party,votes,registered_voters,turnout_rate,source_type,source_file,source_note,is_placeholder
047285142300501,EMBAKASI SOCIAL HALL,2022,Nyantika Ricardo Billy,ODM,189,680,0.6470588235294118,demo_placeholder,,Placeholder station-level candidate results. Replace with certified IEBC station results when obtained.,1
047285142300501,EMBAKASI SOCIAL HALL,2022,Candidate James Kariuki,UDA,191,680,0.6470588235294118,demo_placeholder,,Placeholder station-level candidate results. Replace with certified IEBC station results when obtained.,1
047285142300501,EMBAKASI SOCIAL HALL,2022,Candidate Amina Mwende,ODM,30,680,0.6470588235294118,demo_placeholder,,Placeholder station-level candidate results. Replace with certified IEBC station results when obtained.,1
047285142300501,EMBAKASI SOCIAL HALL,2022,Candidate Peter Otieno,Independent,27,680,0.6470588235294118,demo_placeholder,,Placeholder station-level candidate results. Replace with certified IEBC station results when obtained.,1
047285142300501,EMBAKASI SOCIAL HALL,2022,Candidate Grace Wambui,Jubilee,3,680,0.6470588235294118,demo_placeholder,,Placeholder station-level candidate results. Replace with certified IEBC station results when obtained.,1
047285142300502,EMBAKASI SOCIAL HALL,2022,Nyantika Ricardo Billy,ODM,189,680,0.6705882352941176,demo_placeholder,,Placeholder station-level candidate results. Replace with certified IEBC station results when obtained.,1
047285142300502,EMBAKASI SOCIAL HALL,2022,Candidate James Kariuki,UDA,108,680,0.6705882352941176,demo_placeholder,,Placeholder station-level candidate results. Replace with certified IEBC station results when obtained.,1
047285142300502,EMBAKASI SOCIAL HALL,2022,Candidate Amina Mwende,ODM,107,680,0.6705882352941176,demo_placeholder,,Placeholder station-level candidate results. Replace with certified IEBC station results when obtained.,1
047285142300502,EMBAKASI SOCIAL HALL,2022,Candidate Peter Otieno,Independent,29,680,0.6705882352941176,demo_placeholder,,Placeholder station-level candidate results. Replace with certified IEBC station results when obtained.,1
047285142300502,EMBAKASI SOCIAL HALL,2022,Candidate Grace Wambui,Jubilee,23,680,0.6705882352941176,demo_placeholder,,Placeholder station-level candidate results. Replace with certified IEBC station results when obtained.,1
047285142300503,EMBAKASI SOCIAL HALL,2022,Nyantika Ricardo Billy,ODM,189,680,0.6264705882352941,demo_placeholder,,Placeholder station-level candidate results. Replace with certified IEBC station results when obtained.,1
047285142300503,EMBAKASI SOCIAL HALL,2022,Candidate James Kariuki,UDA,136,680,0.6264705882352941,demo_placeholder,,Placeholder station-level candidate results. Replace with certified IEBC station results when obtained.,1
047285142300503,EMBAKASI SOCIAL HALL,2022,Candidate Amina Mwende,ODM,74,680,0.6264705882352941,demo_placeholder,,Placeholder station-level candidate results. Replace with certified IEBC station results when obtained.,1
047285142300503,EMBAKASI SOCIAL HALL,2022,Candidate Peter Otieno,Independent,22,680,0.6264705882352941,demo_placeholder,,Placeholder station-level candidate results. Replace with certified IEBC station results when obtained.,1
047285142300503,EMBAKASI SOCIAL HALL,2022,Candidate Grace Wambui,Jubilee,5,680,0.6264705882352941,demo_placeholder,,Placeholder station-level candidate results. Replace with certified IEBC station results when obtained.,1
047285142300504,EMBAKASI SOCIAL HALL,2022,Nyantika Ricardo Billy,ODM,189,680,0.6132352941176471,demo_placeholder,,Placeholder station-level candidate results. Replace with certified IEBC station results when obtained.,1
047285142300504,EMBAKASI SOCIAL HALL,2022,Candidate James Kariuki,UDA,72,680,0.6132352941176471,demo_placeholder,,Placeholder station-level candidate results. Replace with certified IEBC station results when obtained.,1
047285142300504,EMBAKASI SOCIAL HALL,2022,Candidate Amina Mwende,ODM,68,680,0.6132352941176471,demo_placeholder,,Placeholder station-level candidate results. Replace with certified IEBC station results when obtained.,1
047285142300504,EMBAKASI SOCIAL HALL,2022,Candidate Peter Otieno,Independent,80,680,0.6132352941176471,demo_placeholder,,Placeholder station-level candidate results. Replace with certified IEBC station results when obtained.,1
047285142300504,EMBAKASI SOCIAL HALL,2022,Candidate Grace Wambui,Jubilee,8,680,0.6132352941176471,demo_placeholder,,Placeholder station-level candidate results. Replace with certified IEBC station results when obtained.,1
047285142300505,EMBAKASI SOCIAL HALL,2022,Nyantika Ricardo Billy,ODM,189,680,0.7,demo_placeholder,,Placeholder station-level candidate results. Replace with certified IEBC station results when obtained.,1
047285142300505,EMBAKASI SOCIAL HALL,2022,Candidate James Kariuki,UDA,147,680,0.7,demo_placeholder,,Placeholder station-level candidate results. Replace with certified IEBC station results when obtained.,1
047285142300505,EMBAKASI SOCIAL HALL,2022,Candidate Amina Mwende,ODM,129,680,0.7,demo_placeholder,,Placeholder station-level candidate results. Replace with certified IEBC station results when obtained.,1
047285142300505,EMBAKASI SOCIAL HALL,2022,Candidate Peter Otieno,Independent,0,680,0.7,demo_placeholder,,Placeholder station-level candidate results. Replace with certified IEBC station results when obtained.,1
047285142300505,EMBAKASI SOCIAL HALL,2022,Candidate Grace Wambui,Jubilee,11,680,0.7,demo_placeholder,,Placeholder station-level candidate results. Replace with certified IEBC station results when obtained.,1
047285142300506,EMBAKASI SOCIAL HALL,2022,Nyantika Ricardo Billy,ODM,189,680,0.6691176470588235,demo_placeholder,,Placeholder station-level candidate results. Replace with certified IEBC station results when obtained.,1
047285142300506,EMBAKASI SOCIAL HALL,2022,Candidate James Kariuki,UDA,206,680,0.6691176470588235,demo_placeholder,,Placeholder station-level candidate results. Replace with certified IEBC station results when obtained.,1
047285142300506,EMBAKASI SOCIAL HALL,2022,Candidate Amina Mwende,ODM,46,680,0.6691176470588235,demo_placeholder,,Placeholder station-level candidate results. Replace with certified IEBC station results when obtained.,1
047285142300506,EMBAKASI SOCIAL HALL,2022,Candidate Peter Otieno,Independent,4,680,0.6691176470588235,demo_placeholder,,Placeholder station-level candidate results. Replace with certified IEBC station results when obtained.,1
047285142300506,EMBAKASI SOCIAL HALL,2022,Candidate Grace Wambui,Jubilee,10,680,0.6691176470588235,demo_placeholder,,Placeholder station-level candidate results. Replace with certified IEBC station results when obtained.,1
047285142300507,EMBAKASI SOCIAL HALL,2022,Nyantika Ricardo Billy,ODM,189,680,0.6823529411764706,demo_placeholder,,Placeholder station-level candidate results. Replace with certified IEBC station results when obtained.,1
047285142300507,EMBAKASI SOCIAL HALL,2022,Candidate James Kariuki,UDA,212,680,0.6823529411764706,demo_placeholder,,Placeholder station-level candidate results. Replace with certified IEBC station results when obtained.,1
047285142300507,EMBAKASI SOCIAL HALL,2022,Candidate Amina Mwende,ODM,34,680,0.6823529411764706,demo_placeholder,,Placeholder station-level candidate results. Replace with certified IEBC station results when obtained.,1
047285142300507,EMBAKASI SOCIAL HALL,2022,Candidate Peter Otieno,Independent,19,680,0.6823529411764706,demo_placeholder,,Placeholder station-level candidate results. Replace with certified IEBC station results when obtained.,1
047285142300507,EMBAKASI SOCIAL HALL,2022,Candidate Grace Wambui,Jubilee,10,680,0.6823529411764706,demo_placeholder,,Placeholder station-level candidate results. Replace with certified IEBC station results when obtained.,1
047285142300508,EMBAKASI SOCIAL HALL,2022,Nyantika Ricardo Billy,ODM,189,680,0.6823529411764706,demo_placeholder,,Placeholder station-level candidate results. Replace with certified IEBC station results when obtained.,1
047285142300508,EMBAKASI SOCIAL HALL,2022,Candidate James Kariuki,UDA,164,680,0.6823529411764706,demo_placeholder,,Placeholder station-level candidate results. Replace with certified IEBC station results when obtained.,1
047285142300508,EMBAKASI SOCIAL HALL,2022,Candidate Amina Mwende,ODM,37,680,0.6823529411764706,demo_placeholder,,Placeholder station-level candidate results. Replace with certified IEBC station results when obtained.,1
047285142300508,EMBAKASI SOCIAL HALL,2022,Candidate Peter Otieno,Independent,23,680,0.6823529411764706,demo_placeholder,,Placeholder station-level candidate results. Replace with certified IEBC station results when obtained.,1
047285142300508,EMBAKASI SOCIAL HALL,2022,Candidate Grace Wambui,Jubilee,51,680,0.6823529411764706,demo_placeholder,,Placeholder station-level candidate results. Replace with certified IEBC station results when obtained.,1
047285142300509,EMBAKASI SOCIAL HALL,2022,Nyantika Ricardo Billy,ODM,189,680,0.6176470588235294,demo_placeholder,,Placeholder station-level candidate results. Replace with certified IEBC station results when obtained.,1
047285142300509,EMBAKASI SOCIAL HALL,2022,Candidate James Kariuki,UDA,112,680,0.6176470588235294,demo_placeholder,,Placeholder station-level candidate results. Replace with certified IEBC station results when obtained.,1
047285142300509,EMBAKASI SOCIAL HALL,2022,Candidate Amina Mwende,ODM,110,680,0.6176470588235294,demo_placeholder,,Placeholder station-level candidate results. Replace with certified IEBC station results when obtained.,1
047285142300509,EMBAKASI SOCIAL HALL,2022,Candidate Peter Otieno,Independent,7,680,0.6176470588235294,demo_placeholder,,Placeholder station-level candidate results. Replace with certified IEBC station results when obtained.,1
047285142300509,EMBAKASI SOCIAL HALL,2022,Candidate Grace Wambui,Jubilee,2,680,0.6176470588235294,demo_placeholder,,Placeholder station-level candidate results. Replace with certified IEBC station results when obtained.,1
047285142300510,EMBAKASI SOCIAL HALL,2022,Nyantika Ricardo Billy,ODM,189,680,0.7058823529411765,demo_placeholder,,Placeholder station-level candidate results. Replace with certified IEBC station results when obtained.,1
047285142300510,EMBAKASI SOCIAL HALL,2022,Candidate James Kariuki,UDA,185,680,0.7058823529411765,demo_placeholder,,Placeholder station-level candidate results. Replace with certified IEBC station results when obtained.,1
047285142300510,EMBAKASI SOCIAL HALL,2022,Candidate Amina Mwende,ODM,82,680,0.7058823529411765,demo_placeholder,,Placeholder station-level candidate results. Replace with certified IEBC station results when obtained.,1
047285142300510,EMBAKASI SOCIAL HALL,2022,Candidate Peter Otieno,Independent,17,680,0.7058823529411765,demo_placeholder,,Placeholder station-level candidate results. Replace with certified IEBC station results when obtained.,1
047285142300510,EMBAKASI SOCIAL HALL,2022,Candidate Grace Wambui,Jubilee,7,680,0.7058823529411765,demo_placeholder,,Placeholder station-level candidate results. Replace with certified IEBC station results when obtained.,1
047285142300511,EMBAKASI SOCIAL HALL,2022,Nyantika Ricardo Billy,ODM,189,680,0.5970588235294118,demo_placeholder,,Placeholder station-level candidate results. Replace with certified IEBC station results when obtained.,1
047285142300511,EMBAKASI SOCIAL HALL,2022,Candidate James Kariuki,UDA,148,680,0.5970588235294118,demo_placeholder,,Placeholder station-level candidate results. Replace with certified IEBC station results when obtained.,1
047285142300511,EMBAKASI SOCIAL HALL,2022,Candidate Amina Mwende,ODM,53,680,0.5970588235294118,demo_placeholder,,Placeholder station-level candidate results. Replace with certified IEBC station results when obtained.,1
047285142300511,EMBAKASI SOCIAL HALL,2022,Candidate Peter Otieno,Independent,9,680,0.5970588235294118,demo_placeholder,,Placeholder station-level candidate results. Replace with certified IEBC station results when obtained.,1
047285142300511,EMBAKASI SOCIAL HALL,2022,Candidate Grace Wambui,Jubilee,7,680,0.5970588235294118,demo_placeholder,,Placeholder station-level candidate results. Replace with certified IEBC station results when obtained.,1
047285142300512,EMBAKASI SOCIAL HALL,2022,Nyantika Ricardo Billy,ODM,189,680,0.6441176470588236,demo_placeholder,,Placeholder station-level candidate results. Replace with certified IEBC station results when obtained.,1
047285142300512,EMBAKASI SOCIAL HALL,2022,Candidate James Kariuki,UDA,129,680,0.6441176470588236,demo_placeholder,,Placeholder station-level candidate results. Replace with certified IEBC station results when obtained.,1
047285142300512,EMBAKASI SOCIAL HALL,2022,Candidate Amina Mwende,ODM,103,680,0.6441176470588236,demo_placeholder,,Placeholder station-level candidate results. Replace with certified IEBC station results when obtained.,1
047285142300512,EMBAKASI SOCIAL HALL,2022,Candidate Peter Otieno,Independent,14,680,0.6441176470588236,demo_placeholder,,Placeholder station-level candidate results. Replace with certified IEBC station results when obtained.,1
047285142300512,EMBAKASI SOCIAL HALL,2022,Candidate Grace Wambui,Jubilee,3,680,0.6441176470588236,demo_placeholder,,Placeholder station-level candidate results. Replace with certified IEBC station results when obtained.,1
047285142300513,EMBAKASI SOCIAL HALL,2022,Nyantika Ricardo Billy,ODM,189,680,0.711764705882353,demo_placeholder,,Placeholder station-level candidate results. Replace with certified IEBC station results when obtained.,1
047285142300513,EMBAKASI SOCIAL HALL,2022,Candidate James Kariuki,UDA,169,680,0.711764705882353,demo_placeholder,,Placeholder station-level candidate results. Replace with certified IEBC station results when obtained.,1
047285142300513,EMBAKASI SOCIAL HALL,2022,Candidate Amina Mwende,ODM,104,680,0.711764705882353,demo_placeholder,,Placeholder station-level candidate results. Replace with certified IEBC station results when obtained.,1
047285142300513,EMBAKASI SOCIAL HALL,2022,Candidate Peter Otieno,Independent,21,680,0.711764705882353,demo_placeholder,,Placeholder station-level candidate results. Replace with certified IEBC station results when obtained.,1
047285142300513,EMBAKASI SOCIAL HALL,2022,Candidate Grace Wambui,Jubilee,1,680,0.711764705882353,demo_placeholder,,Placeholder station-level candidate results. Replace with certified IEBC station results when obtained.,1
047285142300514,EMBAKASI SOCIAL HALL,2022,Nyantika Ricardo Billy,ODM,189,680,0.6588235294117647,demo_placeholder,,Placeholder station-level candidate results. Replace with certified IEBC station results when obtained.,1
047285142300514,EMBAKASI SOCIAL HALL,2022,Candidate James Kariuki,UDA,184,680,0.6588235294117647,demo_placeholder,,Placeholder station-level candidate results. Replace with certified IEBC station results when obtained.,1
047285142300514,EMBAKASI SOCIAL HALL,2022,Candidate Amina Mwende,ODM,66,680,0.6588235294117647,demo_placeholder,,Placeholder station-level candidate results. Replace with certified IEBC station results when obtained.,1
047285142300514,EMBAKASI SOCIAL HALL,2022,Candidate Peter Otieno,Independent,2,680,0.6588235294117647,demo_placeholder,,Placeholder station-level candidate results. Replace with certified IEBC station results when obtained.,1
047285142300514,EMBAKASI SOCIAL HALL,2022,Candidate Grace Wambui,Jubilee,7,680,0.6588235294117647,demo_placeholder,,Placeholder station-level candidate results. Replace with certified IEBC station results when obtained.,1
047285142300515,EMBAKASI SOCIAL HALL,2022,Nyantika Ricardo Billy,ODM,189,680,0.6911764705882353,demo_placeholder,,Placeholder station-level candidate results. Replace with certified IEBC station results when obtained.,1
047285142300515,EMBAKASI SOCIAL HALL,2022,Candidate James Kariuki,UDA,154,680,0.6911764705882353,demo_placeholder,,Placeholder station-level candidate results. Replace with certified IEBC station results when obtained.,1
047285142300515,EMBAKASI SOCIAL HALL,2022,Candidate Amina Mwende,ODM,111,680,0.6911764705882353,demo_placeholder,,Placeholder station-level candidate results. Replace with certified IEBC station results when obtained.,1
047285142300515,EMBAKASI SOCIAL HALL,2022,Candidate Peter Otieno,Independent,14,680,0.6911764705882353,demo_placeholder,,Placeholder station-level candidate results. Replace with certified IEBC station results when obtained.,1
047285142300515,EMBAKASI SOCIAL HALL,2022,Candidate Grace Wambui,Jubilee,2,680,0.6911764705882353,demo_placeholder,,Placeholder station-level candidate results. Replace with certified IEBC station results when obtained.,1
047285142300516,EMBAKASI SOCIAL HALL,2022,Nyantika Ricardo Billy,ODM,189,680,0.6176470588235294,demo_placeholder,,Placeholder station-level candidate results. Replace with certified IEBC station results when obtained.,1
047285142300516,EMBAKASI SOCIAL HALL,2022,Candidate James Kariuki,UDA,168,680,0.6176470588235294,demo_placeholder,,Placeholder station-level candidate results. Replace with certified IEBC station results when obtained.,1
047285142300516,EMBAKASI SOCIAL HALL,2022,Candidate Amina Mwende,ODM,54,680,0.6176470588235294,demo_placeholder,,Placeholder station-level candidate results. Replace with certified IEBC station results when obtained.,1
047285142300516,EMBAKASI SOCIAL HALL,2022,Candidate Peter Otieno,Independent,7,680,0.6176470588235294,demo_placeholder,,Placeholder station-level candidate results. Replace with certified IEBC station results when obtained.,1
047285142300516,EMBAKASI SOCIAL HALL,2022,Candidate Grace Wambui,Jubilee,2,680,0.6176470588235294,demo_placeholder,,Placeholder station-level candidate results. Replace with certified IEBC station results when obtained.,1
047285142300517,EMBAKASI SOCIAL HALL,2022,Nyantika Ricardo Billy,ODM,189,680,0.6897058823529412,demo_placeholder,,Placeholder station-level candidate results. Replace with certified IEBC station results when obtained.,1
047285142300517,EMBAKASI SOCIAL HALL,2022,Candidate James Kariuki,UDA,171,680,0.6897058823529412,demo_placeholder,,Placeholder station-level candidate results. Replace with certified IEBC station results when obtained.,1
047285142300517,EMBAKASI SOCIAL HALL,2022,Candidate Amina Mwende,ODM,56,680,0.6897058823529412,demo_placeholder,,Placeholder station-level candidate results. Replace with certified IEBC station results when obtained.,1
047285142300517,EMBAKASI SOCIAL HALL,2022,Candidate Peter Otieno,Independent,51,680,0.6897058823529412,demo_placeholder,,Placeholder station-level candidate results. Replace with certified IEBC station results when obtained.,1
047285142300517,EMBAKASI SOCIAL HALL,2022,Candidate Grace Wambui,Jubilee,2,680,0.6897058823529412,demo_placeholder,,Placeholder station-level candidate results. Replace with certified IEBC station results when obtained.,1
047285142300518,EMBAKASI SOCIAL HALL,2022,Nyantika Ricardo Billy,ODM,189,680,0.5823529411764706,demo_placeholder,,Placeholder station-level candidate results. Replace with certified IEBC station results when obtained.,1
047285142300518,EMBAKASI SOCIAL HALL,2022,Candidate James Kariuki,UDA,119,680,0.5823529411764706,demo_placeholder,,Placeholder station-level candidate results. Replace with certified IEBC station results when obtained.,1
047285142300518,EMBAKASI SOCIAL HALL,2022,Candidate Amina Mwende,ODM,71,680,0.5823529411764706,demo_placeholder,,Placeholder station-level candidate results. Replace with certified IEBC station results when obtained.,1
047285142300518,EMBAKASI SOCIAL HALL,2022,Candidate Peter Otieno,Independent,14,680,0.5823529411764706,demo_placeholder,,Placeholder station-level candidate results. Replace with certified IEBC station results when obtained.,1
047285142300518,EMBAKASI SOCIAL HALL,2022,Candidate Grace Wambui,Jubilee,3,680,0.5823529411764706,demo_placeholder,,Placeholder station-level candidate results. Replace with certified IEBC station results when obtained.,1
047285142300519,EMBAKASI SOCIAL HALL,2022,Nyantika Ricardo Billy,ODM,188,679,0.605301914580265,demo_placeholder,,Placeholder station-level candidate results. Replace with certified IEBC station results when obtained.,1
047285142300519,EMBAKASI SOCIAL HALL,2022,Candidate James Kariuki,UDA,109,679,0.605301914580265,demo_placeholder,,Placeholder station-level candidate results. Replace with certified IEBC station results when obtained.,1
047285142300519,EMBAKASI SOCIAL HALL,2022,Candidate Amina Mwende,ODM,62,679,0.605301914580265,demo_placeholder,,Placeholder station-level candidate results. Replace with certified IEBC station results when obtained.,1
047285142300519,EMBAKASI SOCIAL HALL,2022,Candidate Peter Otieno,Independent,25,679,0.605301914580265,demo_placeholder,,Placeholder station-level candidate results. Replace with certified IEBC station results when obtained.,1
047285142300519,EMBAKASI SOCIAL HALL,2022,Candidate Grace Wambui,Jubilee,27,679,0.605301914580265,demo_placeholder,,Placeholder station-level candidate results. Replace with certified IEBC station results when obtained.,1
047285142300601,EMBAKASI PRIMARY SCHOOL,2022,Nyantika Ricardo Billy,ODM,185,666,0.7117117117117117,demo_placeholder,,Placeholder station-level candidate results. Replace with certified IEBC station results when obtained.,1
047285142300601,EMBAKASI PRIMARY SCHOOL,2022,Candidate James Kariuki,UDA,146,666,0.7117117117117117,demo_placeholder,,Placeholder station-level candidate results. Replace with certified IEBC station results when obtained.,1
047285142300601,EMBAKASI PRIMARY SCHOOL,2022,Candidate Amina Mwende,ODM,128,666,0.7117117117117117,demo_placeholder,,Placeholder station-level candidate results. Replace with certified IEBC station results when obtained.,1
047285142300601,EMBAKASI PRIMARY SCHOOL,2022,Candidate Peter Otieno,Independent,0,666,0.7117117117117117,demo_placeholder,,Placeholder station-level candidate results. Replace with certified IEBC station results when obtained.,1
047285142300601,EMBAKASI PRIMARY SCHOOL,2022,Candidate Grace Wambui,Jubilee,15,666,0.7117117117117117,demo_placeholder,,Placeholder station-level candidate results. Replace with certified IEBC station results when obtained.,1
047285142300602,EMBAKASI PRIMARY SCHOOL,2022,Nyantika Ricardo Billy,ODM,185,666,0.6831831831831832,demo_placeholder,,Placeholder station-level candidate results. Replace with certified IEBC station results when obtained.,1
047285142300602,EMBAKASI PRIMARY SCHOOL,2022,Candidate James Kariuki,UDA,142,666,0.6831831831831832,demo_placeholder,,Placeholder station-level candidate results. Replace with certified IEBC station results when obtained.,1
047285142300602,EMBAKASI PRIMARY SCHOOL,2022,Candidate Amina Mwende,ODM,102,666,0.6831831831831832,demo_placeholder,,Placeholder station-level candidate results. Replace with certified IEBC station results when obtained.,1
047285142300602,EMBAKASI PRIMARY SCHOOL,2022,Candidate Peter Otieno,Independent,19,666,0.6831831831831832,demo_placeholder,,Placeholder station-level candidate results. Replace with certified IEBC station results when obtained.,1
047285142300602,EMBAKASI PRIMARY SCHOOL,2022,Candidate Grace Wambui,Jubilee,7,666,0.6831831831831832,demo_placeholder,,Placeholder station-level candidate results. Replace with certified IEBC station results when obtained.,1
047285142300603,EMBAKASI PRIMARY SCHOOL,2022,Nyantika Ricardo Billy,ODM,185,666,0.5870870870870871,demo_placeholder,,Placeholder station-level candidate results. Replace with certified IEBC station results when obtained.,1
047285142300603,EMBAKASI PRIMARY SCHOOL,2022,Candidate James Kariuki,UDA,124,666,0.5870870870870871,demo_placeholder,,Placeholder station-level candidate results. Replace with certified IEBC station results when obtained.,1
047285142300603,EMBAKASI PRIMARY SCHOOL,2022,Candidate Amina Mwende,ODM,73,666,0.5870870870870871,demo_placeholder,,Placeholder station-level candidate results. Replace with certified IEBC station results when obtained.,1
047285142300603,EMBAKASI PRIMARY SCHOOL,2022,Candidate Peter Otieno,Independent,1,666,0.5870870870870871,demo_placeholder,,Placeholder station-level candidate results. Replace with certified IEBC station results when obtained.,1
047285142300603,EMBAKASI PRIMARY SCHOOL,2022,Candidate Grace Wambui,Jubilee,8,666,0.5870870870870871,demo_placeholder,,Placeholder station-level candidate results. Replace with certified IEBC station results when obtained.,1
047285142300604,EMBAKASI PRIMARY SCHOOL,2022,Nyantika Ricardo Billy,ODM,185,666,0.7057057057057057,demo_placeholder,,Placeholder station-level candidate results. Replace with certified IEBC station results when obtained.,1
047285142300604,EMBAKASI PRIMARY SCHOOL,2022,Candidate James Kariuki,UDA,163,666,0.7057057057057057,demo_placeholder,,Placeholder station-level candidate results. Replace with certified IEBC station results when obtained.,1
047285142300604,EMBAKASI PRIMARY SCHOOL,2022,Candidate Amina Mwende,ODM,83,666,0.7057057057057057,demo_placeholder,,Placeholder station-level candidate results. Replace with certified IEBC station results when obtained.,1
047285142300604,EMBAKASI PRIMARY SCHOOL,2022,Candidate Peter Otieno,Independent,29,666,0.7057057057057057,demo_placeholder,,Placeholder station-level candidate results. Replace with certified IEBC station results when obtained.,1
047285142300604,EMBAKASI PRIMARY SCHOOL,2022,Candidate Grace Wambui,Jubilee,10,666,0.7057057057057057,demo_placeholder,,Placeholder station-level candidate results. Replace with certified IEBC station results when obtained.,1
047285142300605,EMBAKASI PRIMARY SCHOOL,2022,Nyantika Ricardo Billy,ODM,185,666,0.6951951951951952,demo_placeholder,,Placeholder station-level candidate results. Replace with certified IEBC station results when obtained.,1
047285142300605,EMBAKASI PRIMARY SCHOOL,2022,Candidate James Kariuki,UDA,162,666,0.6951951951951952,demo_placeholder,,Placeholder station-level candidate results. Replace with certified IEBC station results when obtained.,1
047285142300605,EMBAKASI PRIMARY SCHOOL,2022,Candidate Amina Mwende,ODM,94,666,0.6951951951951952,demo_placeholder,,Placeholder station-level candidate results. Replace with certified IEBC station results when obtained.,1
047285142300605,EMBAKASI PRIMARY SCHOOL,2022,Candidate Peter Otieno,Independent,18,666,0.6951951951951952,demo_placeholder,,Placeholder station-level candidate results. Replace with certified IEBC station results when obtained.,1
047285142300605,EMBAKASI PRIMARY SCHOOL,2022,Candidate Grace Wambui,Jubilee,4,666,0.6951951951951952,demo_placeholder,,Placeholder station-level candidate results. Replace with certified IEBC station results when obtained.,1
047285142300606,EMBAKASI PRIMARY SCHOOL,2022,Nyantika Ricardo Billy,ODM,185,666,0.6921921921921922,demo_placeholder,,Placeholder station-level candidate results. Replace with certified IEBC station results when obtained.,1
047285142300606,EMBAKASI PRIMARY SCHOOL,2022,Candidate James Kariuki,UDA,200,666,0.6921921921921922,demo_placeholder,,Placeholder station-level candidate results. Replace with certified IEBC station results when obtained.,1
047285142300606,EMBAKASI PRIMARY SCHOOL,2022,Candidate Amina Mwende,ODM,45,666,0.6921921921921922,demo_placeholder,,Placeholder station-level candidate results. Replace with certified IEBC station results when obtained.,1
047285142300606,EMBAKASI PRIMARY SCHOOL,2022,Candidate Peter Otieno,Independent,18,666,0.6921921921921922,demo_placeholder,,Placeholder station-level candidate results. Replace with certified IEBC station results when obtained.,1
047285142300606,EMBAKASI PRIMARY SCHOOL,2022,Candidate Grace Wambui,Jubilee,13,666,0.6921921921921922,demo_placeholder,,Placeholder station-level candidate results. Replace with certified IEBC station results when obtained.,1
047285142300607,EMBAKASI PRIMARY SCHOOL,2022,Nyantika Ricardo Billy,ODM,185,666,0.6201201201201201,demo_placeholder,,Placeholder station-level candidate results. Replace with certified IEBC station results when obtained.,1
047285142300607,EMBAKASI PRIMARY SCHOOL,2022,Candidate James Kariuki,UDA,156,666,0.6201201201201201,demo_placeholder,,Placeholder station-level candidate results. Replace with certified IEBC station results when obtained.,1
047285142300607,EMBAKASI PRIMARY SCHOOL,2022,Candidate Amina Mwende,ODM,60,666,0.6201201201201201,demo_placeholder,,Placeholder station-level candidate results. Replace with certified IEBC station results when obtained.,1
047285142300607,EMBAKASI PRIMARY SCHOOL,2022,Candidate Peter Otieno,Independent,8,666,0.6201201201201201,demo_placeholder,,Placeholder station-level candidate results. Replace with certified IEBC station results when obtained.,1
047285142300607,EMBAKASI PRIMARY SCHOOL,2022,Candidate Grace Wambui,Jubilee,4,666,0.6201201201201201,demo_placeholder,,Placeholder station-level candidate results. Replace with certified IEBC station results when obtained.,1
047285142300608,EMBAKASI PRIMARY SCHOOL,2022,Nyantika Ricardo Billy,ODM,185,666,0.6486486486486487,demo_placeholder,,Placeholder station-level candidate results. Replace with certified IEBC station results when obtained.,1
047285142300608,EMBAKASI PRIMARY SCHOOL,2022,Candidate James Kariuki,UDA,155,666,0.6486486486486487,demo_placeholder,,Placeholder station-level candidate results. Replace with certified IEBC station results when obtained.,1
047285142300608,EMBAKASI PRIMARY SCHOOL,2022,Candidate Amina Mwende,ODM,88,666,0.6486486486486487,demo_placeholder,,Placeholder station-level candidate results. Replace with certified IEBC station results when obtained.,1
047285142300608,EMBAKASI PRIMARY SCHOOL,2022,Candidate Peter Otieno,Independent,0,666,0.6486486486486487,demo_placeholder,,Placeholder station-level candidate results. Replace with certified IEBC station results when obtained.,1
047285142300608,EMBAKASI PRIMARY SCHOOL,2022,Candidate Grace Wambui,Jubilee,4,666,0.6486486486486487,demo_placeholder,,Placeholder station-level candidate results. Replace with certified IEBC station results when obtained.,1
047285142300609,EMBAKASI PRIMARY SCHOOL,2022,Nyantika Ricardo Billy,ODM,184,665,0.5939849624060151,demo_placeholder,,Placeholder station-level candidate results. Replace with certified IEBC station results when obtained.,1
047285142300609,EMBAKASI PRIMARY SCHOOL,2022,Candidate James Kariuki,UDA,147,665,0.5939849624060151,demo_placeholder,,Placeholder station-level candidate results. Replace with certified IEBC station results when obtained.,1
047285142300609,EMBAKASI PRIMARY SCHOOL,2022,Candidate Amina Mwende,ODM,43,665,0.5939849624060151,demo_placeholder,,Placeholder station-level candidate results. Replace with certified IEBC station results when obtained.,1
047285142300609,EMBAKASI PRIMARY SCHOOL,2022,Candidate Peter Otieno,Independent,17,665,0.5939849624060151,demo_placeholder,,Placeholder station-level candidate results. Replace with certified IEBC station results when obtained.,1
047285142300609,EMBAKASI PRIMARY SCHOOL,2022,Candidate Grace Wambui,Jubilee,4,665,0.5939849624060151,demo_placeholder,,Placeholder station-level candidate results. Replace with certified IEBC station results when obtained.,1
047285142300610,EMBAKASI PRIMARY SCHOOL,2022,Nyantika Ricardo Billy,ODM,184,665,0.6977443609022557,demo_placeholder,,Placeholder station-level candidate results. Replace with certified IEBC station results when obtained.,1
047285142300610,EMBAKASI PRIMARY SCHOOL,2022,Candidate James Kariuki,UDA,224,665,0.6977443609022557,demo_placeholder,,Placeholder station-level candidate results. Replace with certified IEBC station results when obtained.,1
047285142300610,EMBAKASI PRIMARY SCHOOL,2022,Candidate Amina Mwende,ODM,35,665,0.6977443609022557,demo_placeholder,,Placeholder station-level candidate results. Replace with certified IEBC station results when obtained.,1
047285142300610,EMBAKASI PRIMARY SCHOOL,2022,Candidate Peter Otieno,Independent,8,665,0.6977443609022557,demo_placeholder,,Placeholder station-level candidate results. Replace with certified IEBC station results when obtained.,1
047285142300610,EMBAKASI PRIMARY SCHOOL,2022,Candidate Grace Wambui,Jubilee,13,665,0.6977443609022557,demo_placeholder,,Placeholder station-level candidate results. Replace with certified IEBC station results when obtained.,1
047285142300611,EMBAKASI PRIMARY SCHOOL,2022,Nyantika Ricardo Billy,ODM,184,665,0.6225563909774436,demo_placeholder,,Placeholder station-level candidate results. Replace with certified IEBC station results when obtained.,1
047285142300611,EMBAKASI PRIMARY SCHOOL,2022,Candidate James Kariuki,UDA,126,665,0.6225563909774436,demo_placeholder,,Placeholder station-level candidate results. Replace with certified IEBC station results when obtained.,1
047285142300611,EMBAKASI PRIMARY SCHOOL,2022,Candidate Amina Mwende,ODM,38,665,0.6225563909774436,demo_placeholder,,Placeholder station-level candidate results. Replace with certified IEBC station results when obtained.,1
047285142300611,EMBAKASI PRIMARY SCHOOL,2022,Candidate Peter Otieno,Independent,65,665,0.6225563909774436,demo_placeholder,,Placeholder station-level candidate results. Replace with certified IEBC station results when obtained.,1
047285142300611,EMBAKASI PRIMARY SCHOOL,2022,Candidate Grace Wambui,Jubilee,1,665,0.6225563909774436,demo_placeholder,,Placeholder station-level candidate results. Replace with certified IEBC station results when obtained.,1
047285142300612,EMBAKASI PRIMARY SCHOOL,2022,Nyantika Ricardo Billy,ODM,184,665,0.606015037593985,demo_placeholder,,Placeholder station-level candidate results. Replace with certified IEBC station results when obtained.,1
047285142300612,EMBAKASI PRIMARY SCHOOL,2022,Candidate James Kariuki,UDA,144,665,0.606015037593985,demo_placeholder,,Placeholder station-level candidate results. Replace with certified IEBC station results when obtained.,1
047285142300612,EMBAKASI PRIMARY SCHOOL,2022,Candidate Amina Mwende,ODM,48,665,0.606015037593985,demo_placeholder,,Placeholder station-level candidate results. Replace with certified IEBC station results when obtained.,1
047285142300612,EMBAKASI PRIMARY SCHOOL,2022,Candidate Peter Otieno,Independent,6,665,0.606015037593985,demo_placeholder,,Placeholder station-level candidate results. Replace with certified IEBC station results when obtained.,1
047285142300612,EMBAKASI PRIMARY SCHOOL,2022,Candidate Grace Wambui,Jubilee,21,665,0.606015037593985,demo_placeholder,,Placeholder station-level candidate results. Replace with certified IEBC station results when obtained.,1
047285142300613,EMBAKASI PRIMARY SCHOOL,2022,Nyantika Ricardo Billy,ODM,184,665,0.718796992481203,demo_placeholder,,Placeholder station-level candidate results. Replace with certified IEBC station results when obtained.,1
047285142300613,EMBAKASI PRIMARY SCHOOL,2022,Candidate James Kariuki,UDA,211,665,0.718796992481203,demo_placeholder,,Placeholder station-level candidate results. Replace with certified IEBC station results when obtained.,1
047285142300613,EMBAKASI PRIMARY SCHOOL,2022,Candidate Amina Mwende,ODM,64,665,0.718796992481203,demo_placeholder,,Placeholder station-level candidate results. Replace with certified IEBC station results when obtained.,1
047285142300613,EMBAKASI PRIMARY SCHOOL,2022,Candidate Peter Otieno,Independent,16,665,0.718796992481203,demo_placeholder,,Placeholder station-level candidate results. Replace with certified IEBC station results when obtained.,1
047285142300613,EMBAKASI PRIMARY SCHOOL,2022,Candidate Grace Wambui,Jubilee,3,665,0.718796992481203,demo_placeholder,,Placeholder station-level candidate results. Replace with certified IEBC station results when obtained.,1
047285142300614,EMBAKASI PRIMARY SCHOOL,2022,Nyantika Ricardo Billy,ODM,184,665,0.643609022556391,demo_placeholder,,Placeholder station-level candidate results. Replace with certified IEBC station results when obtained.,1
047285142300614,EMBAKASI PRIMARY SCHOOL,2022,Candidate James Kariuki,UDA,208,665,0.643609022556391,demo_placeholder,,Placeholder station-level candidate results. Replace with certified IEBC station results when obtained.,1
047285142300614,EMBAKASI PRIMARY SCHOOL,2022,Candidate Amina Mwende,ODM,22,665,0.643609022556391,demo_placeholder,,Placeholder station-level candidate results. Replace with certified IEBC station results when obtained.,1
047285142300614,EMBAKASI PRIMARY SCHOOL,2022,Candidate Peter Otieno,Independent,12,665,0.643609022556391,demo_placeholder,,Placeholder station-level candidate results. Replace with certified IEBC station results when obtained.,1
047285142300614,EMBAKASI PRIMARY SCHOOL,2022,Candidate Grace Wambui,Jubilee,2,665,0.643609022556391,demo_placeholder,,Placeholder station-level candidate results. Replace with certified IEBC station results when obtained.,1
047285142300615,EMBAKASI PRIMARY SCHOOL,2022,Nyantika Ricardo Billy,ODM,184,665,0.6541353383458647,demo_placeholder,,Placeholder station-level candidate results. Replace with certified IEBC station results when obtained.,1
047285142300615,EMBAKASI PRIMARY SCHOOL,2022,Candidate James Kariuki,UDA,186,665,0.6541353383458647,demo_placeholder,,Placeholder station-level candidate results. Replace with certified IEBC station results when obtained.,1
047285142300615,EMBAKASI PRIMARY SCHOOL,2022,Candidate Amina Mwende,ODM,37,665,0.6541353383458647,demo_placeholder,,Placeholder station-level candidate results. Replace with certified IEBC station results when obtained.,1
047285142300615,EMBAKASI PRIMARY SCHOOL,2022,Candidate Peter Otieno,Independent,26,665,0.6541353383458647,demo_placeholder,,Placeholder station-level candidate results. Replace with certified IEBC station results when obtained.,1
047285142300615,EMBAKASI PRIMARY SCHOOL,2022,Candidate Grace Wambui,Jubilee,2,665,0.6541353383458647,demo_placeholder,,Placeholder station-level candidate results. Replace with certified IEBC station results when obtained.,1
047285142300701,TASSIA CATHOLIC PRIMARY SCHOOL,2022,Nyantika Ricardo Billy,ODM,194,699,0.6437768240343348,demo_placeholder,,Placeholder station-level candidate results. Replace with certified IEBC station results when obtained.,1
047285142300701,TASSIA CATHOLIC PRIMARY SCHOOL,2022,Candidate James Kariuki,UDA,66,699,0.6437768240343348,demo_placeholder,,Placeholder station-level candidate results. Replace with certified IEBC station results when obtained.,1
047285142300701,TASSIA CATHOLIC PRIMARY SCHOOL,2022,Candidate Amina Mwende,ODM,173,699,0.6437768240343348,demo_placeholder,,Placeholder station-level candidate results. Replace with certified IEBC station results when obtained.,1
047285142300701,TASSIA CATHOLIC PRIMARY SCHOOL,2022,Candidate Peter Otieno,Independent,15,699,0.6437768240343348,demo_placeholder,,Placeholder station-level candidate results. Replace with certified IEBC station results when obtained.,1
047285142300701,TASSIA CATHOLIC PRIMARY SCHOOL,2022,Candidate Grace Wambui,Jubilee,2,699,0.6437768240343348,demo_placeholder,,Placeholder station-level candidate results. Replace with certified IEBC station results when obtained.,1
047285142300702,TASSIA CATHOLIC PRIMARY SCHOOL,2022,Nyantika Ricardo Billy,ODM,194,699,0.7024320457796852,demo_placeholder,,Placeholder station-level candidate results. Replace with certified IEBC station results when obtained.,1
047285142300702,TASSIA CATHOLIC PRIMARY SCHOOL,2022,Candidate James Kariuki,UDA,142,699,0.7024320457796852,demo_placeholder,,Placeholder station-level candidate results. Replace with certified IEBC station results when obtained.,1
047285142300702,TASSIA CATHOLIC PRIMARY SCHOOL,2022,Candidate Amina Mwende,ODM,130,699,0.7024320457796852,demo_placeholder,,Placeholder station-level candidate results. Replace with certified IEBC station results when obtained.,1
047285142300702,TASSIA CATHOLIC PRIMARY SCHOOL,2022,Candidate Peter Otieno,Independent,17,699,0.7024320457796852,demo_placeholder,,Placeholder station-level candidate results. Replace with certified IEBC station results when obtained.,1
047285142300702,TASSIA CATHOLIC PRIMARY SCHOOL,2022,Candidate Grace Wambui,Jubilee,8,699,0.7024320457796852,demo_placeholder,,Placeholder station-level candidate results. Replace with certified IEBC station results when obtained.,1
047285142300703,TASSIA CATHOLIC PRIMARY SCHOOL,2022,Nyantika Ricardo Billy,ODM,194,699,0.6809728183118741,demo_placeholder,,Placeholder station-level candidate results. Replace with certified IEBC station results when obtained.,1
047285142300703,TASSIA CATHOLIC PRIMARY SCHOOL,2022,Candidate James Kariuki,UDA,187,699,0.6809728183118741,demo_placeholder,,Placeholder station-level candidate results. Replace with certified IEBC station results when obtained.,1
047285142300703,TASSIA CATHOLIC PRIMARY SCHOOL,2022,Candidate Amina Mwende,ODM,55,699,0.6809728183118741,demo_placeholder,,Placeholder station-level candidate results. Replace with certified IEBC station results when obtained.,1
047285142300703,TASSIA CATHOLIC PRIMARY SCHOOL,2022,Candidate Peter Otieno,Independent,8,699,0.6809728183118741,demo_placeholder,,Placeholder station-level candidate results. Replace with certified IEBC station results when obtained.,1
047285142300703,TASSIA CATHOLIC PRIMARY SCHOOL,2022,Candidate Grace Wambui,Jubilee,32,699,0.6809728183118741,demo_placeholder,,Placeholder station-level candidate results. Replace with certified IEBC station results when obtained.,1
047285142300704,TASSIA CATHOLIC PRIMARY SCHOOL,2022,Nyantika Ricardo Billy,ODM,194,699,0.6809728183118741,demo_placeholder,,Placeholder station-level candidate results. Replace with certified IEBC station results when obtained.,1
047285142300704,TASSIA CATHOLIC PRIMARY SCHOOL,2022,Candidate James Kariuki,UDA,160,699,0.6809728183118741,demo_placeholder,,Placeholder station-level candidate results. Replace with certified IEBC station results when obtained.,1
047285142300704,TASSIA CATHOLIC PRIMARY SCHOOL,2022,Candidate Amina Mwende,ODM,65,699,0.6809728183118741,demo_placeholder,,Placeholder station-level candidate results. Replace with certified IEBC station results when obtained.,1
047285142300704,TASSIA CATHOLIC PRIMARY SCHOOL,2022,Candidate Peter Otieno,Independent,48,699,0.6809728183118741,demo_placeholder,,Placeholder station-level candidate results. Replace with certified IEBC station results when obtained.,1
047285142300704,TASSIA CATHOLIC PRIMARY SCHOOL,2022,Candidate Grace Wambui,Jubilee,9,699,0.6809728183118741,demo_placeholder,,Placeholder station-level candidate results. Replace with certified IEBC station results when obtained.,1
047285142300705,TASSIA CATHOLIC PRIMARY SCHOOL,2022,Nyantika Ricardo Billy,ODM,194,699,0.6695278969957081,demo_placeholder,,Placeholder station-level candidate results. Replace with certified IEBC station results when obtained.,1
047285142300705,TASSIA CATHOLIC PRIMARY SCHOOL,2022,Candidate James Kariuki,UDA,194,699,0.6695278969957081,demo_placeholder,,Placeholder station-level candidate results. Replace with certified IEBC station results when obtained.,1
047285142300705,TASSIA CATHOLIC PRIMARY SCHOOL,2022,Candidate Amina Mwende,ODM,57,699,0.6695278969957081,demo_placeholder,,Placeholder station-level candidate results. Replace with certified IEBC station results when obtained.,1
047285142300705,TASSIA CATHOLIC PRIMARY SCHOOL,2022,Candidate Peter Otieno,Independent,12,699,0.6695278969957081,demo_placeholder,,Placeholder station-level candidate results. Replace with certified IEBC station results when obtained.,1
047285142300705,TASSIA CATHOLIC PRIMARY SCHOOL,2022,Candidate Grace Wambui,Jubilee,11,699,0.6695278969957081,demo_placeholder,,Placeholder station-level candidate results. Replace with certified IEBC station results when obtained.,1
047285142300706,TASSIA CATHOLIC PRIMARY SCHOOL,2022,Nyantika Ricardo Billy,ODM,194,699,0.6552217453505007,demo_placeholder,,Placeholder station-level candidate results. Replace with certified IEBC station results when obtained.,1
047285142300706,TASSIA CATHOLIC PRIMARY SCHOOL,2022,Candidate James Kariuki,UDA,178,699,0.6552217453505007,demo_placeholder,,Placeholder station-level candidate results. Replace with certified IEBC station results when obtained.,1
047285142300706,TASSIA CATHOLIC PRIMARY SCHOOL,2022,Candidate Amina Mwende,ODM,58,699,0.6552217453505007,demo_placeholder,,Placeholder station-level candidate results. Replace with certified IEBC station results when obtained.,1
047285142300706,TASSIA CATHOLIC PRIMARY SCHOOL,2022,Candidate Peter Otieno,Independent,11,699,0.6552217453505007,demo_placeholder,,Placeholder station-level candidate results. Replace with certified IEBC station results when obtained.,1
047285142300706,TASSIA CATHOLIC PRIMARY SCHOOL,2022,Candidate Grace Wambui,Jubilee,17,699,0.6552217453505007,demo_placeholder,,Placeholder station-level candidate results. Replace with certified IEBC station results when obtained.,1
047285142300707,TASSIA CATHOLIC PRIMARY SCHOOL,2022,Nyantika Ricardo Billy,ODM,194,699,0.6351931330472103,demo_placeholder,,Placeholder station-level candidate results. Replace with certified IEBC station results when obtained.,1
047285142300707,TASSIA CATHOLIC PRIMARY SCHOOL,2022,Candidate James Kariuki,UDA,212,699,0.6351931330472103,demo_placeholder,,Placeholder station-level candidate results. Replace with certified IEBC station results when obtained.,1
047285142300707,TASSIA CATHOLIC PRIMARY SCHOOL,2022,Candidate Amina Mwende,ODM,32,699,0.6351931330472103,demo_placeholder,,Placeholder station-level candidate results. Replace with certified IEBC station results when obtained.,1
047285142300707,TASSIA CATHOLIC PRIMARY SCHOOL,2022,Candidate Peter Otieno,Independent,4,699,0.6351931330472103,demo_placeholder,,Placeholder station-level candidate results. Replace with certified IEBC station results when obtained.,1
047285142300707,TASSIA CATHOLIC PRIMARY SCHOOL,2022,Candidate Grace Wambui,Jubilee,2,699,0.6351931330472103,demo_placeholder,,Placeholder station-level candidate results. Replace with certified IEBC station results when obtained.,1
047285142300708,TASSIA CATHOLIC PRIMARY SCHOOL,2022,Nyantika Ricardo Billy,ODM,194,699,0.6509298998569385,demo_placeholder,,Placeholder station-level candidate results. Replace with certified IEBC station results when obtained.,1
047285142300708,TASSIA CATHOLIC PRIMARY SCHOOL,2022,Candidate James Kariuki,UDA,179,699,0.6509298998569385,demo_placeholder,,Placeholder station-level candidate results. Replace with certified IEBC station results when obtained.,1
047285142300708,TASSIA CATHOLIC PRIMARY SCHOOL,2022,Candidate Amina Mwende,ODM,58,699,0.6509298998569385,demo_placeholder,,Placeholder station-level candidate results. Replace with certified IEBC station results when obtained.,1
047285142300708,TASSIA CATHOLIC PRIMARY SCHOOL,2022,Candidate Peter Otieno,Independent,19,699,0.6509298998569385,demo_placeholder,,Placeholder station-level candidate results. Replace with certified IEBC station results when obtained.,1
047285142300708,TASSIA CATHOLIC PRIMARY SCHOOL,2022,Candidate Grace Wambui,Jubilee,5,699,0.6509298998569385,demo_placeholder,,Placeholder station-level candidate results. Replace with certified IEBC station results when obtained.,1
047285142300709,TASSIA CATHOLIC PRIMARY SCHOOL,2022,Nyantika Ricardo Billy,ODM,194,699,0.6638054363376252,demo_placeholder,,Placeholder station-level candidate results. Replace with certified IEBC station results when obtained.,1
047285142300709,TASSIA CATHOLIC PRIMARY SCHOOL,2022,Candidate James Kariuki,UDA,203,699,0.6638054363376252,demo_placeholder,,Placeholder station-level candidate results. Replace with certified IEBC station results when obtained.,1
047285142300709,TASSIA CATHOLIC PRIMARY SCHOOL,2022,Candidate Amina Mwende,ODM,34,699,0.6638054363376252,demo_placeholder,,Placeholder station-level candidate results. Replace with certified IEBC station results when obtained.,1
047285142300709,TASSIA CATHOLIC PRIMARY SCHOOL,2022,Candidate Peter Otieno,Independent,31,699,0.6638054363376252,demo_placeholder,,Placeholder station-level candidate results. Replace with certified IEBC station results when obtained.,1
047285142300709,TASSIA CATHOLIC PRIMARY SCHOOL,2022,Candidate Grace Wambui,Jubilee,2,699,0.6638054363376252,demo_placeholder,,Placeholder station-level candidate results. Replace with certified IEBC station results when obtained.,1
047285142300710,TASSIA CATHOLIC PRIMARY SCHOOL,2022,Nyantika Ricardo Billy,ODM,194,699,0.6008583690987125,demo_placeholder,,Placeholder station-level candidate results. Replace with certified IEBC station results when obtained.,1
047285142300710,TASSIA CATHOLIC PRIMARY SCHOOL,2022,Candidate James Kariuki,UDA,154,699,0.6008583690987125,demo_placeholder,,Placeholder station-level candidate results. Replace with certified IEBC station results when obtained.,1
047285142300710,TASSIA CATHOLIC PRIMARY SCHOOL,2022,Candidate Amina Mwende,ODM,44,699,0.6008583690987125,demo_placeholder,,Placeholder station-level candidate results. Replace with certified IEBC station results when obtained.,1
047285142300710,TASSIA CATHOLIC PRIMARY SCHOOL,2022,Candidate Peter Otieno,Independent,0,699,0.6008583690987125,demo_placeholder,,Placeholder station-level candidate results. Replace with certified IEBC station results when obtained.,1
047285142300710,TASSIA CATHOLIC PRIMARY SCHOOL,2022,Candidate Grace Wambui,Jubilee,28,699,0.6008583690987125,demo_placeholder,,Placeholder station-level candidate results. Replace with certified IEBC station results when obtained.,1
047285142300711,TASSIA CATHOLIC PRIMARY SCHOOL,2022,Nyantika Ricardo Billy,ODM,194,699,0.6380543633762518,demo_placeholder,,Placeholder station-level candidate results. Replace with certified IEBC station results when obtained.,1
047285142300711,TASSIA CATHOLIC PRIMARY SCHOOL,2022,Candidate James Kariuki,UDA,130,699,0.6380543633762518,demo_placeholder,,Placeholder station-level candidate results. Replace with certified IEBC station results when obtained.,1
047285142300711,TASSIA CATHOLIC PRIMARY SCHOOL,2022,Candidate Amina Mwende,ODM,51,699,0.6380543633762518,demo_placeholder,,Placeholder station-level candidate results. Replace with certified IEBC station results when obtained.,1
047285142300711,TASSIA CATHOLIC PRIMARY SCHOOL,2022,Candidate Peter Otieno,Independent,69,699,0.6380543633762518,demo_placeholder,,Placeholder station-level candidate results. Replace with certified IEBC station results when obtained.,1
047285142300711,TASSIA CATHOLIC PRIMARY SCHOOL,2022,Candidate Grace Wambui,Jubilee,2,699,0.6380543633762518,demo_placeholder,,Placeholder station-level candidate results. Replace with certified IEBC station results when obtained.,1
047285142300712,TASSIA CATHOLIC PRIMARY SCHOOL,2022,Nyantika Ricardo Billy,ODM,194,699,0.6108726752503576,demo_placeholder,,Placeholder station-level candidate results. Replace with certified IEBC station results when obtained.,1
047285142300712,TASSIA CATHOLIC PRIMARY SCHOOL,2022,Candidate James Kariuki,UDA,107,699,0.6108726752503576,demo_placeholder,,Placeholder station-level candidate results. Replace with certified IEBC station results when obtained.,1
047285142300712,TASSIA CATHOLIC PRIMARY SCHOOL,2022,Candidate Amina Mwende,ODM,62,699,0.6108726752503576,demo_placeholder,,Placeholder station-level candidate results. Replace with certified IEBC station results when obtained.,1
047285142300712,TASSIA CATHOLIC PRIMARY SCHOOL,2022,Candidate Peter Otieno,Independent,13,699,0.6108726752503576,demo_placeholder,,Placeholder station-level candidate results. Replace with certified IEBC station results when obtained.,1
047285142300712,TASSIA CATHOLIC PRIMARY SCHOOL,2022,Candidate Grace Wambui,Jubilee,51,699,0.6108726752503576,demo_placeholder,,Placeholder station-level candidate results. Replace with certified IEBC station results when obtained.,1
047285142300713,TASSIA CATHOLIC PRIMARY SCHOOL,2022,Nyantika Ricardo Billy,ODM,194,699,0.6595135908440629,demo_placeholder,,Placeholder station-level candidate results. Replace with certified IEBC station results when obtained.,1
047285142300713,TASSIA CATHOLIC PRIMARY SCHOOL,2022,Candidate James Kariuki,UDA,116,699,0.6595135908440629,demo_placeholder,,Placeholder station-level candidate results. Replace with certified IEBC station results when obtained.,1
047285142300713,TASSIA CATHOLIC PRIMARY SCHOOL,2022,Candidate Amina Mwende,ODM,46,699,0.6595135908440629,demo_placeholder,,Placeholder station-level candidate results. Replace with certified IEBC station results when obtained.,1
047285142300713,TASSIA CATHOLIC PRIMARY SCHOOL,2022,Candidate Peter Otieno,Independent,103,699,0.6595135908440629,demo_placeholder,,Placeholder station-level candidate results. Replace with certified IEBC station results when obtained.,1
047285142300713,TASSIA CATHOLIC PRIMARY SCHOOL,2022,Candidate Grace Wambui,Jubilee,2,699,0.6595135908440629,demo_placeholder,,Placeholder station-level candidate results. Replace with certified IEBC station results when obtained.,1
047285142300714,TASSIA CATHOLIC PRIMARY SCHOOL,2022,Nyantika Ricardo Billy,ODM,194,698,0.6790830945558739,demo_placeholder,,Placeholder station-level candidate results. Replace with certified IEBC station results when obtained.,1
047285142300714,TASSIA CATHOLIC PRIMARY SCHOOL,2022,Candidate James Kariuki,UDA,195,698,0.6790830945558739,demo_placeholder,,Placeholder station-level candidate results. Replace with certified IEBC station results when obtained.,1
047285142300714,TASSIA CATHOLIC PRIMARY SCHOOL,2022,Candidate Amina Mwende,ODM,21,698,0.6790830945558739,demo_placeholder,,Placeholder station-level candidate results. Replace with certified IEBC station results when obtained.,1
047285142300714,TASSIA CATHOLIC PRIMARY SCHOOL,2022,Candidate Peter Otieno,Independent,31,698,0.6790830945558739,demo_placeholder,,Placeholder station-level candidate results. Replace with certified IEBC station results when obtained.,1
047285142300714,TASSIA CATHOLIC PRIMARY SCHOOL,2022,Candidate Grace Wambui,Jubilee,33,698,0.6790830945558739,demo_placeholder,,Placeholder station-level candidate results. Replace with certified IEBC station results when obtained.,1
047285142300715,TASSIA CATHOLIC PRIMARY SCHOOL,2022,Nyantika Ricardo Billy,ODM,194,698,0.6174785100286533,demo_placeholder,,Placeholder station-level candidate results. Replace with certified IEBC station results when obtained.,1
047285142300715,TASSIA CATHOLIC PRIMARY SCHOOL,2022,Candidate James Kariuki,UDA,175,698,0.6174785100286533,demo_placeholder,,Placeholder station-level candidate results. Replace with certified IEBC station results when obtained.,1
047285142300715,TASSIA CATHOLIC PRIMARY SCHOOL,2022,Candidate Amina Mwende,ODM,31,698,0.6174785100286533,demo_placeholder,,Placeholder station-level candidate results. Replace with certified IEBC station results when obtained.,1
047285142300715,TASSIA CATHOLIC PRIMARY SCHOOL,2022,Candidate Peter Otieno,Independent,28,698,0.6174785100286533,demo_placeholder,,Placeholder station-level candidate results. Replace with certified IEBC station results when obtained.,1
047285142300715,TASSIA CATHOLIC PRIMARY SCHOOL,2022,Candidate Grace Wambui,Jubilee,3,698,0.6174785100286533,demo_placeholder,,Placeholder station-level candidate results. Replace with certified IEBC station results when obtained.,1
047285142300716,TASSIA CATHOLIC PRIMARY SCHOOL,2022,Nyantika Ricardo Billy,ODM,194,698,0.5902578796561605,demo_placeholder,,Placeholder station-level candidate results. Replace with certified IEBC station results when obtained.,1
047285142300716,TASSIA CATHOLIC PRIMARY SCHOOL,2022,Candidate James Kariuki,UDA,133,698,0.5902578796561605,demo_placeholder,,Placeholder station-level candidate results. Replace with certified IEBC station results when obtained.,1
047285142300716,TASSIA CATHOLIC PRIMARY SCHOOL,2022,Candidate Amina Mwende,ODM,68,698,0.5902578796561605,demo_placeholder,,Placeholder station-level candidate results. Replace with certified IEBC station results when obtained.,1
047285142300716,TASSIA CATHOLIC PRIMARY SCHOOL,2022,Candidate Peter Otieno,Independent,4,698,0.5902578796561605,demo_placeholder,,Placeholder station-level candidate results. Replace with certified IEBC station results when obtained.,1
047285142300716,TASSIA CATHOLIC PRIMARY SCHOOL,2022,Candidate Grace Wambui,Jubilee,13,698,0.5902578796561605,demo_placeholder,,Placeholder station-level candidate results. Replace with certified IEBC station results when obtained.,1
047285142300717,TASSIA CATHOLIC PRIMARY SCHOOL,2022,Nyantika Ricardo Billy,ODM,194,698,0.5916905444126075,demo_placeholder,,Placeholder station-level candidate results. Replace with certified IEBC station results when obtained.,1
047285142300717,TASSIA CATHOLIC PRIMARY SCHOOL,2022,Candidate James Kariuki,UDA,110,698,0.5916905444126075,demo_placeholder,,Placeholder station-level candidate results. Replace with certified IEBC station results when obtained.,1
047285142300717,TASSIA CATHOLIC PRIMARY SCHOOL,2022,Candidate Amina Mwende,ODM,43,698,0.5916905444126075,demo_placeholder,,Placeholder station-level candidate results. Replace with certified IEBC station results when obtained.,1
047285142300717,TASSIA CATHOLIC PRIMARY SCHOOL,2022,Candidate Peter Otieno,Independent,64,698,0.5916905444126075,demo_placeholder,,Placeholder station-level candidate results. Replace with certified IEBC station results when obtained.,1
047285142300717,TASSIA CATHOLIC PRIMARY SCHOOL,2022,Candidate Grace Wambui,Jubilee,2,698,0.5916905444126075,demo_placeholder,,Placeholder station-level candidate results. Replace with certified IEBC station results when obtained.,1
047285142300718,TASSIA CATHOLIC PRIMARY SCHOOL,2022,Nyantika Ricardo Billy,ODM,194,698,0.6160458452722063,demo_placeholder,,Placeholder station-level candidate results. Replace with certified IEBC station results when obtained.,1
047285142300718,TASSIA CATHOLIC PRIMARY SCHOOL,2022,Candidate James Kariuki,UDA,174,698,0.6160458452722063,demo_placeholder,,Placeholder station-level candidate results. Replace with certified IEBC station results when obtained.,1
047285142300718,TASSIA CATHOLIC PRIMARY SCHOOL,2022,Candidate Amina Mwende,ODM,56,698,0.6160458452722063,demo_placeholder,,Placeholder station-level candidate results. Replace with certified IEBC station results when obtained.,1
047285142300718,TASSIA CATHOLIC PRIMARY SCHOOL,2022,Candidate Peter Otieno,Independent,4,698,0.6160458452722063,demo_placeholder,,Placeholder station-level candidate results. Replace with certified IEBC station results when obtained.,1
047285142300718,TASSIA CATHOLIC PRIMARY SCHOOL,2022,Candidate Grace Wambui,Jubilee,2,698,0.6160458452722063,demo_placeholder,,Placeholder station-level candidate results. Replace with certified IEBC station results when obtained.,1
047285142300719,TASSIA CATHOLIC PRIMARY SCHOOL,2022,Nyantika Ricardo Billy,ODM,194,698,0.6232091690544412,demo_placeholder,,Placeholder station-level candidate results. Replace with certified IEBC station results when obtained.,1
047285142300719,TASSIA CATHOLIC PRIMARY SCHOOL,2022,Candidate James Kariuki,UDA,136,698,0.6232091690544412,demo_placeholder,,Placeholder station-level candidate results. Replace with certified IEBC station results when obtained.,1
047285142300719,TASSIA CATHOLIC PRIMARY SCHOOL,2022,Candidate Amina Mwende,ODM,87,698,0.6232091690544412,demo_placeholder,,Placeholder station-level candidate results. Replace with certified IEBC station results when obtained.,1
047285142300719,TASSIA CATHOLIC PRIMARY SCHOOL,2022,Candidate Peter Otieno,Independent,9,698,0.6232091690544412,demo_placeholder,,Placeholder station-level candidate results. Replace with certified IEBC station results when obtained.,1
047285142300719,TASSIA CATHOLIC PRIMARY SCHOOL,2022,Candidate Grace Wambui,Jubilee,9,698,0.6232091690544412,demo_placeholder,,Placeholder station-level candidate results. Replace with certified IEBC station results when obtained.,1
047285142300720,TASSIA CATHOLIC PRIMARY SCHOOL,2022,Nyantika Ricardo Billy,ODM,194,698,0.6762177650429799,demo_placeholder,,Placeholder station-level candidate results. Replace with certified IEBC station results when obtained.,1
047285142300720,TASSIA CATHOLIC PRIMARY SCHOOL,2022,Candidate James Kariuki,UDA,133,698,0.6762177650429799,demo_placeholder,,Placeholder station-level candidate results. Replace with certified IEBC station results when obtained.,1
047285142300720,TASSIA CATHOLIC PRIMARY SCHOOL,2022,Candidate Amina Mwende,ODM,93,698,0.6762177650429799,demo_placeholder,,Placeholder station-level candidate results. Replace with certified IEBC station results when obtained.,1
047285142300720,TASSIA CATHOLIC PRIMARY SCHOOL,2022,Candidate Peter Otieno,Independent,48,698,0.6762177650429799,demo_placeholder,,Placeholder station-level candidate results. Replace with certified IEBC station results when obtained.,1
047285142300720,TASSIA CATHOLIC PRIMARY SCHOOL,2022,Candidate Grace Wambui,Jubilee,4,698,0.6762177650429799,demo_placeholder,,Placeholder station-level candidate results. Replace with certified IEBC station results when obtained.,1
047285142300721,TASSIA CATHOLIC PRIMARY SCHOOL,2022,Nyantika Ricardo Billy,ODM,194,698,0.6088825214899714,demo_placeholder,,Placeholder station-level candidate results. Replace with certified IEBC station results when obtained.,1
047285142300721,TASSIA CATHOLIC PRIMARY SCHOOL,2022,Candidate James Kariuki,UDA,130,698,0.6088825214899714,demo_placeholder,,Placeholder station-level candidate results. Replace with certified IEBC station results when obtained.,1
047285142300721,TASSIA CATHOLIC PRIMARY SCHOOL,2022,Candidate Amina Mwende,ODM,62,698,0.6088825214899714,demo_placeholder,,Placeholder station-level candidate results. Replace with certified IEBC station results when obtained.,1
047285142300721,TASSIA CATHOLIC PRIMARY SCHOOL,2022,Candidate Peter Otieno,Independent,17,698,0.6088825214899714,demo_placeholder,,Placeholder station-level candidate results. Replace with certified IEBC station results when obtained.,1
047285142300721,TASSIA CATHOLIC PRIMARY SCHOOL,2022,Candidate Grace Wambui,Jubilee,22,698,0.6088825214899714,demo_placeholder,,Placeholder station-level candidate results. Replace with certified IEBC station results when obtained.,1
047285142300722,TASSIA CATHOLIC PRIMARY SCHOOL,2022,Nyantika Ricardo Billy,ODM,194,698,0.7077363896848138,demo_placeholder,,Placeholder station-level candidate results. Replace with certified IEBC station results when obtained.,1
047285142300722,TASSIA CATHOLIC PRIMARY SCHOOL,2022,Candidate James Kariuki,UDA,196,698,0.7077363896848138,demo_placeholder,,Placeholder station-level candidate results. Replace with certified IEBC station results when obtained.,1
047285142300722,TASSIA CATHOLIC PRIMARY SCHOOL,2022,Candidate Amina Mwende,ODM,32,698,0.7077363896848138,demo_placeholder,,Placeholder station-level candidate results. Replace with certified IEBC station results when obtained.,1
047285142300722,TASSIA CATHOLIC PRIMARY SCHOOL,2022,Candidate Peter Otieno,Independent,43,698,0.7077363896848138,demo_placeholder,,Placeholder station-level candidate results. Replace with certified IEBC station results when obtained.,1
047285142300722,TASSIA CATHOLIC PRIMARY SCHOOL,2022,Candidate Grace Wambui,Jubilee,29,698,0.7077363896848138,demo_placeholder,,Placeholder station-level candidate results. Replace with certified IEBC station results when obtained.,1
047285142300723,TASSIA CATHOLIC PRIMARY SCHOOL,2022,Nyantika Ricardo Billy,ODM,194,698,0.5931232091690545,demo_placeholder,,Placeholder station-level candidate results. Replace with certified IEBC station results when obtained.,1
047285142300723,TASSIA CATHOLIC PRIMARY SCHOOL,2022,Candidate James Kariuki,UDA,184,698,0.5931232091690545,demo_placeholder,,Placeholder station-level candidate results. Replace with certified IEBC station results when obtained.,1
047285142300723,TASSIA CATHOLIC PRIMARY SCHOOL,2022,Candidate Amina Mwende,ODM,12,698,0.5931232091690545,demo_placeholder,,Placeholder station-level candidate results. Replace with certified IEBC station results when obtained.,1
047285142300723,TASSIA CATHOLIC PRIMARY SCHOOL,2022,Candidate Peter Otieno,Independent,22,698,0.5931232091690545,demo_placeholder,,Placeholder station-level candidate results. Replace with certified IEBC station results when obtained.,1
047285142300723,TASSIA CATHOLIC PRIMARY SCHOOL,2022,Candidate Grace Wambui,Jubilee,2,698,0.5931232091690545,demo_placeholder,,Placeholder station-level candidate results. Replace with certified IEBC station results when obtained.,1
047285142300724,TASSIA CATHOLIC PRIMARY SCHOOL,2022,Nyantika Ricardo Billy,ODM,194,698,0.6919770773638968,demo_placeholder,,Placeholder station-level candidate results. Replace with certified IEBC station results when obtained.,1
047285142300724,TASSIA CATHOLIC PRIMARY SCHOOL,2022,Candidate James Kariuki,UDA,188,698,0.6919770773638968,demo_placeholder,,Placeholder station-level candidate results. Replace with certified IEBC station results when obtained.,1
047285142300724,TASSIA CATHOLIC PRIMARY SCHOOL,2022,Candidate Amina Mwende,ODM,94,698,0.6919770773638968,demo_placeholder,,Placeholder station-level candidate results. Replace with certified IEBC station results when obtained.,1
047285142300724,TASSIA CATHOLIC PRIMARY SCHOOL,2022,Candidate Peter Otieno,Independent,4,698,0.6919770773638968,demo_placeholder,,Placeholder station-level candidate results. Replace with certified IEBC station results when obtained.,1
047285142300724,TASSIA CATHOLIC PRIMARY SCHOOL,2022,Candidate Grace Wambui,Jubilee,3,698,0.6919770773638968,demo_placeholder,,Placeholder station-level candidate results. Replace with certified IEBC station results when obtained.,1
047285142300725,TASSIA CATHOLIC PRIMARY SCHOOL,2022,Nyantika Ricardo Billy,ODM,194,698,0.6891117478510028,demo_placeholder,,Placeholder station-level candidate results. Replace with certified IEBC station results when obtained.,1
047285142300725,TASSIA CATHOLIC PRIMARY SCHOOL,2022,Candidate James Kariuki,UDA,204,698,0.6891117478510028,demo_placeholder,,Placeholder station-level candidate results. Replace with certified IEBC station results when obtained.,1
047285142300725,TASSIA CATHOLIC PRIMARY SCHOOL,2022,Candidate Amina Mwende,ODM,65,698,0.6891117478510028,demo_placeholder,,Placeholder station-level candidate results. Replace with certified IEBC station results when obtained.,1
047285142300725,TASSIA CATHOLIC PRIMARY SCHOOL,2022,Candidate Peter Otieno,Independent,1,698,0.6891117478510028,demo_placeholder,,Placeholder station-level candidate results. Replace with certified IEBC station results when obtained.,1
047285142300725,TASSIA CATHOLIC PRIMARY SCHOOL,2022,Candidate Grace Wambui,Jubilee,17,698,0.6891117478510028,demo_placeholder,,Placeholder station-level candidate results. Replace with certified IEBC station results when obtained.,1
047285142300726,TASSIA CATHOLIC PRIMARY SCHOOL,2022,Nyantika Ricardo Billy,ODM,194,698,0.673352435530086,demo_placeholder,,Placeholder station-level candidate results. Replace with certified IEBC station results when obtained.,1
047285142300726,TASSIA CATHOLIC PRIMARY SCHOOL,2022,Candidate James Kariuki,UDA,203,698,0.673352435530086,demo_placeholder,,Placeholder station-level candidate results. Replace with certified IEBC station results when obtained.,1
047285142300726,TASSIA CATHOLIC PRIMARY SCHOOL,2022,Candidate Amina Mwende,ODM,34,698,0.673352435530086,demo_placeholder,,Placeholder station-level candidate results. Replace with certified IEBC station results when obtained.,1
047285142300726,TASSIA CATHOLIC PRIMARY SCHOOL,2022,Candidate Peter Otieno,Independent,36,698,0.673352435530086,demo_placeholder,,Placeholder station-level candidate results. Replace with certified IEBC station results when obtained.,1
047285142300726,TASSIA CATHOLIC PRIMARY SCHOOL,2022,Candidate Grace Wambui,Jubilee,3,698,0.673352435530086,demo_placeholder,,Placeholder station-level candidate results. Replace with certified IEBC station results when obtained.,1
047285142300727,TASSIA CATHOLIC PRIMARY SCHOOL,2022,Nyantika Ricardo Billy,ODM,194,698,0.6934097421203438,demo_placeholder,,Placeholder station-level candidate results. Replace with certified IEBC station results when obtained.,1
047285142300727,TASSIA CATHOLIC PRIMARY SCHOOL,2022,Candidate James Kariuki,UDA,161,698,0.6934097421203438,demo_placeholder,,Placeholder station-level candidate results. Replace with certified IEBC station results when obtained.,1
047285142300727,TASSIA CATHOLIC PRIMARY SCHOOL,2022,Candidate Amina Mwende,ODM,102,698,0.6934097421203438,demo_placeholder,,Placeholder station-level candidate results. Replace with certified IEBC station results when obtained.,1
047285142300727,TASSIA CATHOLIC PRIMARY SCHOOL,2022,Candidate Peter Otieno,Independent,9,698,0.6934097421203438,demo_placeholder,,Placeholder station-level candidate results. Replace with certified IEBC station results when obtained.,1
047285142300727,TASSIA CATHOLIC PRIMARY SCHOOL,2022,Candidate Grace Wambui,Jubilee,18,698,0.6934097421203438,demo_placeholder,,Placeholder station-level candidate results. Replace with certified IEBC station results when obtained.,1
047285142300728,TASSIA CATHOLIC PRIMARY SCHOOL,2022,Nyantika Ricardo Billy,ODM,194,698,0.6346704871060171,demo_placeholder,,Placeholder station-level candidate results. Replace with certified IEBC station results when obtained.,1
047285142300728,TASSIA CATHOLIC PRIMARY SCHOOL,2022,Candidate James Kariuki,UDA,132,698,0.6346704871060171,demo_placeholder,,Placeholder station-level candidate results. Replace with certified IEBC station results when obtained.,1
047285142300728,TASSIA CATHOLIC PRIMARY SCHOOL,2022,Candidate Amina Mwende,ODM,106,698,0.6346704871060171,demo_placeholder,,Placeholder station-level candidate results. Replace with certified IEBC station results when obtained.,1
047285142300728,TASSIA CATHOLIC PRIMARY SCHOOL,2022,Candidate Peter Otieno,Independent,9,698,0.6346704871060171,demo_placeholder,,Placeholder station-level candidate results. Replace with certified IEBC station results when obtained.,1
047285142300728,TASSIA CATHOLIC PRIMARY SCHOOL,2022,Candidate Grace Wambui,Jubilee,2,698,0.6346704871060171,demo_placeholder,,Placeholder station-level candidate results. Replace with certified IEBC station results when obtained.,1
047285142300729,TASSIA CATHOLIC PRIMARY SCHOOL,2022,Nyantika Ricardo Billy,ODM,194,698,0.5916905444126075,demo_placeholder,,Placeholder station-level candidate results. Replace with certified IEBC station results when obtained.,1
047285142300729,TASSIA CATHOLIC PRIMARY SCHOOL,2022,Candidate James Kariuki,UDA,120,698,0.5916905444126075,demo_placeholder,,Placeholder station-level candidate results. Replace with certified IEBC station results when obtained.,1
047285142300729,TASSIA CATHOLIC PRIMARY SCHOOL,2022,Candidate Amina Mwende,ODM,80,698,0.5916905444126075,demo_placeholder,,Placeholder station-level candidate results. Replace with certified IEBC station results when obtained.,1
047285142300729,TASSIA CATHOLIC PRIMARY SCHOOL,2022,Candidate Peter Otieno,Independent,16,698,0.5916905444126075,demo_placeholder,,Placeholder station-level candidate results. Replace with certified IEBC station results when obtained.,1
047285142300729,TASSIA CATHOLIC PRIMARY SCHOOL,2022,Candidate Grace Wambui,Jubilee,3,698,0.5916905444126075,demo_placeholder,,Placeholder station-level candidate results. Replace with certified IEBC station results when obtained.,1
047285142301401,KENYA RAILWAYS STATION EMBAKASI V,2022,Nyantika Ricardo Billy,ODM,74,268,0.6082089552238806,demo_placeholder,,Placeholder station-level candidate results. Replace with certified IEBC station results when obtained.,1
047285142301401,KENYA RAILWAYS STATION EMBAKASI V,2022,Candidate James Kariuki,UDA,65,268,0.6082089552238806,demo_placeholder,,Placeholder station-level candidate results. Replace with certified IEBC station results when obtained.,1
047285142301401,KENYA RAILWAYS STATION EMBAKASI V,2022,Candidate Amina Mwende,ODM,16,268,0.6082089552238806,demo_placeholder,,Placeholder station-level candidate results. Replace with certified IEBC station results when obtained.,1
047285142301401,KENYA RAILWAYS STATION EMBAKASI V,2022,Candidate Peter Otieno,Independent,2,268,0.6082089552238806,demo_placeholder,,Placeholder station-level candidate results. Replace with certified IEBC station results when obtained.,1
047285142301401,KENYA RAILWAYS STATION EMBAKASI V,2022,Candidate Grace Wambui,Jubilee,6,268,0.6082089552238806,demo_placeholder,,Placeholder station-level candidate results. Replace with certified IEBC station results when obtained.,1
047285142301901,"JESUS FELLOWSHIP CHURCH, KWA NDEG",2022,Nyantika Ricardo Billy,ODM,85,309,0.656957928802589,demo_placeholder,,Placeholder station-level candidate results. Replace with certified IEBC station results when obtained.,1
047285142301901,"JESUS FELLOWSHIP CHURCH, KWA NDEG",2022,Candidate James Kariuki,UDA,62,309,0.656957928802589,demo_placeholder,,Placeholder station-level candidate results. Replace with certified IEBC station results when obtained.,1
047285142301901,"JESUS FELLOWSHIP CHURCH, KWA NDEG",2022,Candidate Amina Mwende,ODM,44,309,0.656957928802589,demo_placeholder,,Placeholder station-level candidate results. Replace with certified IEBC station results when obtained.,1
047285142301901,"JESUS FELLOWSHIP CHURCH, KWA NDEG",2022,Candidate Peter Otieno,Independent,10,309,0.656957928802589,demo_placeholder,,Placeholder station-level candidate results. Replace with certified IEBC station results when obtained.,1
047285142301901,"JESUS FELLOWSHIP CHURCH, KWA NDEG",2022,Candidate Grace Wambui,Jubilee,2,309,0.656957928802589,demo_placeholder,,Placeholder station-level candidate results. Replace with certified IEBC station results when obtained.,1
047285142302001,TASSIA CHIEF'S CAMP,2022,Nyantika Ricardo Billy,ODM,98,355,0.647887323943662,demo_placeholder,,Placeholder station-level candidate results. Replace with certified IEBC station results when obtained.,1
047285142302001,TASSIA CHIEF'S CAMP,2022,Candidate James Kariuki,UDA,97,355,0.647887323943662,demo_placeholder,,Placeholder station-level candidate results. Replace with certified IEBC station results when obtained.,1
047285142302001,TASSIA CHIEF'S CAMP,2022,Candidate Amina Mwende,ODM,25,355,0.647887323943662,demo_placeholder,,Placeholder station-level candidate results. Replace with certified IEBC station results when obtained.,1
047285142302001,TASSIA CHIEF'S CAMP,2022,Candidate Peter Otieno,Independent,9,355,0.647887323943662,demo_placeholder,,Placeholder station-level candidate results. Replace with certified IEBC station results when obtained.,1
047285142302001,TASSIA CHIEF'S CAMP,2022,Candidate Grace Wambui,Jubilee,1,355,0.647887323943662,demo_placeholder,,Placeholder station-level candidate results. Replace with certified IEBC station results when obtained.,1
047285142302002,TASSIA CHIEF'S CAMP,2022,Nyantika Ricardo Billy,ODM,98,354,0.635593220338983,demo_placeholder,,Placeholder station-level candidate results. Replace with certified IEBC station results when obtained.,1
047285142302002,TASSIA CHIEF'S CAMP,2022,Candidate James Kariuki,UDA,99,354,0.635593220338983,demo_placeholder,,Placeholder station-level candidate results. Replace with certified IEBC station results when obtained.,1
047285142302002,TASSIA CHIEF'S CAMP,2022,Candidate Amina Mwende,ODM,21,354,0.635593220338983,demo_placeholder,,Placeholder station-level candidate results. Replace with certified IEBC station results when obtained.,1
047285142302002,TASSIA CHIEF'S CAMP,2022,Candidate Peter Otieno,Independent,0,354,0.635593220338983,demo_placeholder,,Placeholder station-level candidate results. Replace with certified IEBC station results when obtained.,1
047285142302002,TASSIA CHIEF'S CAMP,2022,Candidate Grace Wambui,Jubilee,7,354,0.635593220338983,demo_placeholder,,Placeholder station-level candidate results. Replace with certified IEBC station results when obtained.,1
047285142302101,"NYAYO ESTATE, GATE A GROUNDS",2022,Nyantika Ricardo Billy,ODM,171,616,0.6477272727272727,demo_placeholder,,Placeholder station-level candidate results. Replace with certified IEBC station results when obtained.,1
047285142302101,"NYAYO ESTATE, GATE A GROUNDS",2022,Candidate James Kariuki,UDA,123,616,0.6477272727272727,demo_placeholder,,Placeholder station-level candidate results. Replace with certified IEBC station results when obtained.,1
047285142302101,"NYAYO ESTATE, GATE A GROUNDS",2022,Candidate Amina Mwende,ODM,89,616,0.6477272727272727,demo_placeholder,,Placeholder station-level candidate results. Replace with certified IEBC station results when obtained.,1
047285142302101,"NYAYO ESTATE, GATE A GROUNDS",2022,Candidate Peter Otieno,Independent,15,616,0.6477272727272727,demo_placeholder,,Placeholder station-level candidate results. Replace with certified IEBC station results when obtained.,1
047285142302101,"NYAYO ESTATE, GATE A GROUNDS",2022,Candidate Grace Wambui,Jubilee,1,616,0.6477272727272727,demo_placeholder,,Placeholder station-level candidate results. Replace with certified IEBC station results when obtained.,1
047285142302102,"NYAYO ESTATE, GATE A GROUNDS",2022,Nyantika Ricardo Billy,ODM,171,616,0.6996753246753247,demo_placeholder,,Placeholder station-level candidate results. Replace with certified IEBC station results when obtained.,1
047285142302102,"NYAYO ESTATE, GATE A GROUNDS",2022,Candidate James Kariuki,UDA,155,616,0.6996753246753247,demo_placeholder,,Placeholder station-level candidate results. Replace with certified IEBC station results when obtained.,1
047285142302102,"NYAYO ESTATE, GATE A GROUNDS",2022,Candidate Amina Mwende,ODM,46,616,0.6996753246753247,demo_placeholder,,Placeholder station-level candidate results. Replace with certified IEBC station results when obtained.,1
047285142302102,"NYAYO ESTATE, GATE A GROUNDS",2022,Candidate Peter Otieno,Independent,23,616,0.6996753246753247,demo_placeholder,,Placeholder station-level candidate results. Replace with certified IEBC station results when obtained.,1
047285142302102,"NYAYO ESTATE, GATE A GROUNDS",2022,Candidate Grace Wambui,Jubilee,36,616,0.6996753246753247,demo_placeholder,,Placeholder station-level candidate results. Replace with certified IEBC station results when obtained.,1
047285142302103,"NYAYO ESTATE, GATE A GROUNDS",2022,Nyantika Ricardo Billy,ODM,196,616,0.6136363636363636,demo_placeholder,,Placeholder station-level candidate results. Replace with certified IEBC station results when obtained.,1
047285142302103,"NYAYO ESTATE, GATE A GROUNDS",2022,Candidate James Kariuki,UDA,153,616,0.6136363636363636,demo_placeholder,,Placeholder station-level candidate results. Replace with certified IEBC station results when obtained.,1
047285142302103,"NYAYO ESTATE, GATE A GROUNDS",2022,Candidate Amina Mwende,ODM,28,616,0.6136363636363636,demo_placeholder,,Placeholder station-level candidate results. Replace with certified IEBC station results when obtained.,1
047285142302103,"NYAYO ESTATE, GATE A GROUNDS",2022,Candidate Peter Otieno,Independent,0,616,0.6136363636363636,demo_placeholder,,Placeholder station-level candidate results. Replace with certified IEBC station results when obtained.,1
047285142302103,"NYAYO ESTATE, GATE A GROUNDS",2022,Candidate Grace Wambui,Jubilee,1,616,0.6136363636363636,demo_placeholder,,Placeholder station-level candidate results. Replace with certified IEBC station results when obtained.,1
